PaperKey,QuestionID,Year,Venue,VenueType,Title,Authors,DomainTopic,ScenarioType,MethodsUsed,Artifacts,ImpliedQuestions,PrimarySecondary,QuestionCategory,MetamodelTags,MoEs,MoPs,EvidenceType,Reproducibility,Access,SecurityLevel,DecisionType,ModelType,SourceURL,Citation,DomainSpecificHits,IsLikelyDomainSpecific,ImpliedQuestions_GenericDraft,GenericizationChanged,GenericQuestion,QuestionTemplate,InstantiationNotes,InstantiatedQuestion,GenericAcronymFlag
GAP-COALITION,COALITION-Q01,2025,Gap Analysis,Gap Analysis (Draft),Gap Questions: Coalition & Allied Operations,Claude Code (Draft),Coalition operations; joint mission planning; data sharing,Multi-national coalition operations,Literature gap analysis,Draft questions,"What data classification constraints and release policies limit mission-critical information sharing with coalition partners, and how do these constraints affect joint mission effectiveness?",Primary,Coalition interoperability & data sharing,"Interoperability; Data; Security; Mission; Stakeholder; Constraint",Joint mission effectiveness; information availability,Data release latency; classification overhead,Gap analysis,N/A,Draft,Unclassified,Coalition data governance,Conceptual,,Gap Analysis (2025). Draft questions for coalition operations coverage gaps.,[],False,"What data classification constraints and release policies limit mission-critical information sharing with coalition partners, and how do these constraints affect joint mission effectiveness?",False,"What data classification constraints and release policies limit mission-critical information sharing with coalition partners, and how do these constraints affect joint mission effectiveness?",What,,"What data classification constraints and release policies limit mission-critical information sharing with coalition partners, and how do these constraints affect joint mission effectiveness?",False
GAP-COALITION,COALITION-Q02,2025,Gap Analysis,Gap Analysis (Draft),Gap Questions: Coalition & Allied Operations,Claude Code (Draft),Coalition operations; joint mission planning; data sharing,Multi-national coalition operations,Literature gap analysis,Draft questions,"How should system interfaces and data formats be designed to enable rapid reconfiguration for different coalition partner access levels without compromising security?",Primary,Coalition interoperability & data sharing,"Interface; Architecture; Security; Interoperability; Design; Tradeoff",Reconfiguration time; security compliance,Interface adaptation time; security validation pass rate,Gap analysis,N/A,Draft,Unclassified,Interface architecture design,Conceptual,,Gap Analysis (2025). Draft questions for coalition operations coverage gaps.,[],False,"How should system interfaces and data formats be designed to enable rapid reconfiguration for different coalition partner access levels without compromising security?",False,"How should system interfaces and data formats be designed to enable rapid reconfiguration for different coalition partner access levels without compromising security?",How,,"How should system interfaces and data formats be designed to enable rapid reconfiguration for different coalition partner access levels without compromising security?",False
GAP-COALITION,COALITION-Q03,2025,Gap Analysis,Gap Analysis (Draft),Gap Questions: Coalition & Allied Operations,Claude Code (Draft),Coalition operations; joint mission planning; data sharing,Multi-national coalition operations,Literature gap analysis,Draft questions,"Which coordination mechanisms and liaison structures most effectively synchronize planning cycles across coalition partners with different decision-making timelines?",Primary,Coalition planning & coordination,"Coordination; Stakeholder; Process; Schedule; Decision; Interface",Planning synchronization; decision alignment,Planning cycle time delta; decision latency,Gap analysis,N/A,Draft,Unclassified,Coalition coordination design,Conceptual,,Gap Analysis (2025). Draft questions for coalition operations coverage gaps.,[],False,"Which coordination mechanisms and liaison structures most effectively synchronize planning cycles across coalition partners with different decision-making timelines?",False,"Which coordination mechanisms and liaison structures most effectively synchronize planning cycles across coalition partners with different decision-making timelines?",Which,,"Which coordination mechanisms and liaison structures most effectively synchronize planning cycles across coalition partners with different decision-making timelines?",False
GAP-COALITION,COALITION-Q04,2025,Gap Analysis,Gap Analysis (Draft),Gap Questions: Coalition & Allied Operations,Claude Code (Draft),Coalition operations; joint mission planning; data sharing,Multi-national coalition operations,Literature gap analysis,Draft questions,"How do differences in coalition partner capabilities, doctrine, and rules of engagement affect combined force employment options and mission planning?",Primary,Coalition planning & coordination,"Capability; Constraint; CONOPS; Mission; Stakeholder; Tradeoff",Combined force effectiveness; option availability,Capability gap count; constraint conflicts,Gap analysis,N/A,Draft,Unclassified,Force employment planning,Conceptual,,Gap Analysis (2025). Draft questions for coalition operations coverage gaps.,[],False,"How do differences in coalition partner capabilities, doctrine, and rules of engagement affect combined force employment options and mission planning?",False,"How do differences in coalition partner capabilities, doctrine, and rules of engagement affect combined force employment options and mission planning?",How,,"How do differences in coalition partner capabilities, doctrine, and rules of engagement affect combined force employment options and mission planning?",False
GAP-COALITION,COALITION-Q05,2025,Gap Analysis,Gap Analysis (Draft),Gap Questions: Coalition & Allied Operations,Claude Code (Draft),Coalition operations; joint mission planning; data sharing,Multi-national coalition operations,Literature gap analysis,Draft questions,"What minimum interoperability standards are required to achieve effective coalition operations, and what is the cost/benefit of exceeding those minimums?",Primary,Coalition interoperability & data sharing,"Interoperability; Standard; Cost; Measure; Tradeoff; Requirement",Coalition effectiveness threshold; cost efficiency,Interoperability compliance rate; implementation cost,Gap analysis,N/A,Draft,Unclassified,Standards selection,Conceptual,,Gap Analysis (2025). Draft questions for coalition operations coverage gaps.,[],False,"What minimum interoperability standards are required to achieve effective coalition operations, and what is the cost/benefit of exceeding those minimums?",False,"What minimum interoperability standards are required to achieve effective coalition operations, and what is the cost/benefit of exceeding those minimums?",What,,"What minimum interoperability standards are required to achieve effective coalition operations, and what is the cost/benefit of exceeding those minimums?",False
GAP-COMMS-DENIED,COMMS-DENIED-Q01,2025,Gap Analysis,Gap Analysis (Draft),Gap Questions: Communications-Denied Environments,Claude Code (Draft),Contested environments; communications denial; degraded operations,Communications-denied operational scenario,Literature gap analysis,Draft questions,"How does mission effectiveness degrade as communications bandwidth decreases or latency increases, and what are the critical thresholds for different mission types?",Primary,Contested environment operations,"Communication; Performance; Threshold; Mission; Measure; Degradation",Mission success rate under degradation,Bandwidth threshold; latency threshold,Gap analysis,N/A,Draft,Unclassified,Communications architecture,Conceptual,,Gap Analysis (2025). Draft questions for comms-denied environment coverage gaps.,[],False,"How does mission effectiveness degrade as communications bandwidth decreases or latency increases, and what are the critical thresholds for different mission types?",False,"How does mission effectiveness degrade as communications bandwidth decreases or latency increases, and what are the critical thresholds for different mission types?",How,,"How does mission effectiveness degrade as communications bandwidth decreases or latency increases, and what are the critical thresholds for different mission types?",False
GAP-COMMS-DENIED,COMMS-DENIED-Q02,2025,Gap Analysis,Gap Analysis (Draft),Gap Questions: Communications-Denied Environments,Claude Code (Draft),Contested environments; communications denial; degraded operations,Communications-denied operational scenario,Literature gap analysis,Draft questions,"What autonomous behaviors and pre-delegated authorities should distributed platforms have to continue mission execution during extended communications denial?",Primary,Contested environment operations,"Autonomy; Authority; Mission; Capability; Decision; Resilience",Mission continuation rate; authority adequacy,Autonomous action success rate; authority coverage,Gap analysis,N/A,Draft,Unclassified,Autonomy design,Conceptual,,Gap Analysis (2025). Draft questions for comms-denied environment coverage gaps.,[],False,"What autonomous behaviors and pre-delegated authorities should distributed platforms have to continue mission execution during extended communications denial?",False,"What autonomous behaviors and pre-delegated authorities should distributed platforms have to continue mission execution during extended communications denial?",What,,"What autonomous behaviors and pre-delegated authorities should distributed platforms have to continue mission execution during extended communications denial?",False
GAP-COMMS-DENIED,COMMS-DENIED-Q03,2025,Gap Analysis,Gap Analysis (Draft),Gap Questions: Communications-Denied Environments,Claude Code (Draft),Contested environments; communications denial; degraded operations,Communications-denied operational scenario,Literature gap analysis,Draft questions,"Which communications architectures (mesh, relay, SATCOM, LOS) provide the best resilience against jamming and interference for different operational scenarios?",Primary,Resilience in contested environments,"Architecture; Communication; Resilience; Threat; Tradeoff; Performance",Communications availability under jamming,Link availability; jamming resistance,Gap analysis,N/A,Draft,Unclassified,Communications architecture selection,Conceptual,,Gap Analysis (2025). Draft questions for comms-denied environment coverage gaps.,[],False,"Which communications architectures (mesh, relay, SATCOM, LOS) provide the best resilience against jamming and interference for different operational scenarios?",False,"Which communications architectures (mesh, relay, SATCOM, LOS) provide the best resilience against jamming and interference for different operational scenarios?",Which,,"Which communications architectures (mesh, relay, SATCOM, LOS) provide the best resilience against jamming and interference for different operational scenarios?",False
GAP-COMMS-DENIED,COMMS-DENIED-Q04,2025,Gap Analysis,Gap Analysis (Draft),Gap Questions: Communications-Denied Environments,Claude Code (Draft),Contested environments; communications denial; degraded operations,Communications-denied operational scenario,Literature gap analysis,Draft questions,"How should command and control structures adapt when communications links are intermittent, and what information should be prioritized when bandwidth is constrained?",Primary,Contested environment operations,"Command; Communication; Adaptation; Priority; Information; Constraint",C2 effectiveness under degradation,Information priority compliance; adaptation time,Gap analysis,N/A,Draft,Unclassified,C2 adaptation design,Conceptual,,Gap Analysis (2025). Draft questions for comms-denied environment coverage gaps.,[],False,"How should command and control structures adapt when communications links are intermittent, and what information should be prioritized when bandwidth is constrained?",False,"How should command and control structures adapt when communications links are intermittent, and what information should be prioritized when bandwidth is constrained?",How,,"How should command and control structures adapt when communications links are intermittent, and what information should be prioritized when bandwidth is constrained?",False
GAP-COMMS-DENIED,COMMS-DENIED-Q05,2025,Gap Analysis,Gap Analysis (Draft),Gap Questions: Communications-Denied Environments,Claude Code (Draft),Contested environments; communications denial; degraded operations,Communications-denied operational scenario,Literature gap analysis,Draft questions,"What graceful degradation modes should systems support when operating in electromagnetically contested environments, and how should operators be trained to recognize and respond to these modes?",Primary,Resilience in contested environments,"Degradation; Training; Operator; System; Mode; Response",Operator response effectiveness,Mode recognition time; response accuracy,Gap analysis,N/A,Draft,Unclassified,Degradation mode design,Conceptual,,Gap Analysis (2025). Draft questions for comms-denied environment coverage gaps.,[],False,"What graceful degradation modes should systems support when operating in electromagnetically contested environments, and how should operators be trained to recognize and respond to these modes?",False,"What graceful degradation modes should systems support when operating in electromagnetically contested environments, and how should operators be trained to recognize and respond to these modes?",What,,"What graceful degradation modes should systems support when operating in electromagnetically contested environments, and how should operators be trained to recognize and respond to these modes?",False
GAP-ETHICS,ETHICS-Q01,2025,Gap Analysis,Gap Analysis (Draft),Gap Questions: Ethics & Legal Compliance,Claude Code (Draft),Ethics; legal compliance; autonomous systems governance,Autonomous system employment scenario,Literature gap analysis,Draft questions,"What legal authorities and rules of engagement constraints must be encoded into autonomous system behaviors, and how should these constraints be validated and updated?",Primary,Legal & ethical constraints,"Authority; Constraint; Autonomy; Verification; Compliance; Governance",Legal compliance rate; constraint coverage,Constraint encoding accuracy; update latency,Gap analysis,N/A,Draft,Unclassified,Autonomy governance,Conceptual,,Gap Analysis (2025). Draft questions for ethics and legal coverage gaps.,[],False,"What legal authorities and rules of engagement constraints must be encoded into autonomous system behaviors, and how should these constraints be validated and updated?",False,"What legal authorities and rules of engagement constraints must be encoded into autonomous system behaviors, and how should these constraints be validated and updated?",What,,"What legal authorities and rules of engagement constraints must be encoded into autonomous system behaviors, and how should these constraints be validated and updated?",False
GAP-ETHICS,ETHICS-Q02,2025,Gap Analysis,Gap Analysis (Draft),Gap Questions: Ethics & Legal Compliance,Claude Code (Draft),Ethics; legal compliance; autonomous systems governance,Autonomous system employment scenario,Literature gap analysis,Draft questions,"How should human oversight be structured for autonomous systems to ensure accountability while maintaining operational tempo and effectiveness?",Primary,Legal & ethical constraints,"Oversight; Accountability; Autonomy; Tempo; Tradeoff; Governance",Accountability assurance; tempo maintenance,Oversight response time; accountability trace completeness,Gap analysis,N/A,Draft,Unclassified,Oversight architecture,Conceptual,,Gap Analysis (2025). Draft questions for ethics and legal coverage gaps.,[],False,"How should human oversight be structured for autonomous systems to ensure accountability while maintaining operational tempo and effectiveness?",False,"How should human oversight be structured for autonomous systems to ensure accountability while maintaining operational tempo and effectiveness?",How,,"How should human oversight be structured for autonomous systems to ensure accountability while maintaining operational tempo and effectiveness?",False
GAP-ETHICS,ETHICS-Q03,2025,Gap Analysis,Gap Analysis (Draft),Gap Questions: Ethics & Legal Compliance,Claude Code (Draft),Ethics; legal compliance; autonomous systems governance,Autonomous system employment scenario,Literature gap analysis,Draft questions,"Which decision types require human-in-the-loop approval versus human-on-the-loop monitoring, and how do these boundaries shift based on operational context?",Primary,Legal & ethical constraints,"Decision; Authority; Autonomy; Context; Boundary; Governance",Decision authority clarity; context adaptability,Decision classification accuracy; boundary adaptation time,Gap analysis,N/A,Draft,Unclassified,Authority allocation,Conceptual,,Gap Analysis (2025). Draft questions for ethics and legal coverage gaps.,[],False,"Which decision types require human-in-the-loop approval versus human-on-the-loop monitoring, and how do these boundaries shift based on operational context?",False,"Which decision types require human-in-the-loop approval versus human-on-the-loop monitoring, and how do these boundaries shift based on operational context?",Which,,"Which decision types require human-in-the-loop approval versus human-on-the-loop monitoring, and how do these boundaries shift based on operational context?",False
GAP-ETHICS,ETHICS-Q04,2025,Gap Analysis,Gap Analysis (Draft),Gap Questions: Ethics & Legal Compliance,Claude Code (Draft),Ethics; legal compliance; autonomous systems governance,Autonomous system employment scenario,Literature gap analysis,Draft questions,"What audit trails and decision logs are required to demonstrate compliance with legal and policy constraints during post-mission review?",Primary,Compliance & governance,"Audit; Traceability; Compliance; Evidence; Review; Governance",Audit completeness; compliance demonstrability,Log coverage rate; review preparation time,Gap analysis,N/A,Draft,Unclassified,Audit architecture,Conceptual,,Gap Analysis (2025). Draft questions for ethics and legal coverage gaps.,[],False,"What audit trails and decision logs are required to demonstrate compliance with legal and policy constraints during post-mission review?",False,"What audit trails and decision logs are required to demonstrate compliance with legal and policy constraints during post-mission review?",What,,"What audit trails and decision logs are required to demonstrate compliance with legal and policy constraints during post-mission review?",False
GAP-ETHICS,ETHICS-Q05,2025,Gap Analysis,Gap Analysis (Draft),Gap Questions: Ethics & Legal Compliance,Claude Code (Draft),Ethics; legal compliance; autonomous systems governance,Autonomous system employment scenario,Literature gap analysis,Draft questions,"How should systems handle situations where mission objectives conflict with legal, ethical, or policy constraints, and who has authority to resolve such conflicts?",Primary,Legal & ethical constraints,"Conflict; Authority; Constraint; Decision; Resolution; Governance",Conflict resolution effectiveness; authority clarity,Resolution time; escalation accuracy,Gap analysis,N/A,Draft,Unclassified,Conflict resolution governance,Conceptual,,Gap Analysis (2025). Draft questions for ethics and legal coverage gaps.,[],False,"How should systems handle situations where mission objectives conflict with legal, ethical, or policy constraints, and who has authority to resolve such conflicts?",False,"How should systems handle situations where mission objectives conflict with legal, ethical, or policy constraints, and who has authority to resolve such conflicts?",How,,"How should systems handle situations where mission objectives conflict with legal, ethical, or policy constraints, and who has authority to resolve such conflicts?",False
GAP-SUSTAIN,SUSTAIN-Q01,2025,Gap Analysis,Gap Analysis (Draft),Gap Questions: Sustainment & Lifecycle,Claude Code (Draft),Sustainment; lifecycle management; obsolescence,System lifecycle management scenario,Literature gap analysis,Draft questions,"At what point does the cost of sustaining a legacy system exceed the cost of replacement, and what factors beyond direct cost should influence transition decisions?",Primary,Sustainment & obsolescence,"Cost; Lifecycle; Decision; Tradeoff; Sustainment; Transition",Total ownership cost accuracy; transition timing,Sustainment cost trend; replacement threshold,Gap analysis,N/A,Draft,Unclassified,Lifecycle transition decision,Conceptual,,Gap Analysis (2025). Draft questions for sustainment coverage gaps.,[],False,"At what point does the cost of sustaining a legacy system exceed the cost of replacement, and what factors beyond direct cost should influence transition decisions?",False,"At what point does the cost of sustaining a legacy system exceed the cost of replacement, and what factors beyond direct cost should influence transition decisions?",What,,"At what point does the cost of sustaining a legacy system exceed the cost of replacement, and what factors beyond direct cost should influence transition decisions?",False
GAP-SUSTAIN,SUSTAIN-Q02,2025,Gap Analysis,Gap Analysis (Draft),Gap Questions: Sustainment & Lifecycle,Claude Code (Draft),Sustainment; lifecycle management; obsolescence,System lifecycle management scenario,Literature gap analysis,Draft questions,"What spare parts inventory levels and depot maintenance capacity are required to sustain target mission readiness rates across the fleet lifecycle?",Primary,Sustainment & obsolescence,"Sustainment; Readiness; Inventory; Capacity; Requirement; Measure",Mission readiness rate; inventory adequacy,Spare parts availability; depot throughput,Gap analysis,N/A,Draft,Unclassified,Sustainment planning,Conceptual,,Gap Analysis (2025). Draft questions for sustainment coverage gaps.,[],False,"What spare parts inventory levels and depot maintenance capacity are required to sustain target mission readiness rates across the fleet lifecycle?",False,"What spare parts inventory levels and depot maintenance capacity are required to sustain target mission readiness rates across the fleet lifecycle?",What,,"What spare parts inventory levels and depot maintenance capacity are required to sustain target mission readiness rates across the fleet lifecycle?",False
GAP-SUSTAIN,SUSTAIN-Q03,2025,Gap Analysis,Gap Analysis (Draft),Gap Questions: Sustainment & Lifecycle,Claude Code (Draft),Sustainment; lifecycle management; obsolescence,System lifecycle management scenario,Literature gap analysis,Draft questions,"How should technology refresh cycles be synchronized across interdependent systems to maintain interoperability while avoiding fleet-wide capability gaps?",Primary,Technology refresh & modernization,"Synchronization; Interoperability; Schedule; Dependency; Capability; Risk",Interoperability maintenance; gap avoidance,Refresh cycle alignment; capability gap duration,Gap analysis,N/A,Draft,Unclassified,Technology refresh planning,Conceptual,,Gap Analysis (2025). Draft questions for sustainment coverage gaps.,[],False,"How should technology refresh cycles be synchronized across interdependent systems to maintain interoperability while avoiding fleet-wide capability gaps?",False,"How should technology refresh cycles be synchronized across interdependent systems to maintain interoperability while avoiding fleet-wide capability gaps?",How,,"How should technology refresh cycles be synchronized across interdependent systems to maintain interoperability while avoiding fleet-wide capability gaps?",False
GAP-SUSTAIN,SUSTAIN-Q04,2025,Gap Analysis,Gap Analysis (Draft),Gap Questions: Sustainment & Lifecycle,Claude Code (Draft),Sustainment; lifecycle management; obsolescence,System lifecycle management scenario,Literature gap analysis,Draft questions,"Which components and subsystems are most vulnerable to obsolescence or supply chain disruption, and what mitigation strategies provide the best long-term value?",Primary,Sustainment & obsolescence,"Obsolescence; Risk; Supply Chain; Mitigation; Component; Tradeoff",Obsolescence risk reduction; mitigation value,Component vulnerability score; mitigation ROI,Gap analysis,N/A,Draft,Unclassified,Obsolescence mitigation,Conceptual,,Gap Analysis (2025). Draft questions for sustainment coverage gaps.,[],False,"Which components and subsystems are most vulnerable to obsolescence or supply chain disruption, and what mitigation strategies provide the best long-term value?",False,"Which components and subsystems are most vulnerable to obsolescence or supply chain disruption, and what mitigation strategies provide the best long-term value?",Which,,"Which components and subsystems are most vulnerable to obsolescence or supply chain disruption, and what mitigation strategies provide the best long-term value?",False
GAP-SUSTAIN,SUSTAIN-Q05,2025,Gap Analysis,Gap Analysis (Draft),Gap Questions: Sustainment & Lifecycle,Claude Code (Draft),Sustainment; lifecycle management; obsolescence,System lifecycle management scenario,Literature gap analysis,Draft questions,"What decommissioning and disposal requirements should be considered during system design to minimize end-of-life costs and environmental impact?",Primary,End-of-life & disposal,"Disposal; Design; Cost; Environment; Requirement; Lifecycle",End-of-life cost; environmental compliance,Disposal cost estimate accuracy; environmental impact score,Gap analysis,N/A,Draft,Unclassified,Design for disposal,Conceptual,,Gap Analysis (2025). Draft questions for sustainment coverage gaps.,[],False,"What decommissioning and disposal requirements should be considered during system design to minimize end-of-life costs and environmental impact?",False,"What decommissioning and disposal requirements should be considered during system design to minimize end-of-life costs and environmental impact?",What,,"What decommissioning and disposal requirements should be considered during system design to minimize end-of-life costs and environmental impact?",False
GAP-HMT,HMT-Q01,2025,Gap Analysis,Gap Analysis (Draft),Gap Questions: Human-Machine Teaming,Claude Code (Draft),Human-machine teaming; automation; operator workload,Human-machine team operations scenario,Literature gap analysis,Draft questions,"How should automation levels dynamically adapt based on operator workload, stress, and situational complexity to optimize team performance?",Primary,Human-machine teaming,"Automation; Workload; Adaptation; Performance; Operator; System",Team performance; workload optimization,Automation adaptation accuracy; workload balance,Gap analysis,N/A,Draft,Unclassified,Adaptive automation design,Conceptual,,Gap Analysis (2025). Draft questions for human-machine teaming coverage gaps.,[],False,"How should automation levels dynamically adapt based on operator workload, stress, and situational complexity to optimize team performance?",False,"How should automation levels dynamically adapt based on operator workload, stress, and situational complexity to optimize team performance?",How,,"How should automation levels dynamically adapt based on operator workload, stress, and situational complexity to optimize team performance?",False
GAP-HMT,HMT-Q02,2025,Gap Analysis,Gap Analysis (Draft),Gap Questions: Human-Machine Teaming,Claude Code (Draft),Human-machine teaming; automation; operator workload,Human-machine team operations scenario,Literature gap analysis,Draft questions,"What information should be presented to operators versus processed autonomously, and how should this allocation change based on mission phase and tempo?",Primary,Human-machine teaming,"Information; Automation; Allocation; Operator; Tempo; Decision",Information allocation effectiveness; operator awareness,Information relevance score; allocation adaptation time,Gap analysis,N/A,Draft,Unclassified,Information allocation design,Conceptual,,Gap Analysis (2025). Draft questions for human-machine teaming coverage gaps.,[],False,"What information should be presented to operators versus processed autonomously, and how should this allocation change based on mission phase and tempo?",False,"What information should be presented to operators versus processed autonomously, and how should this allocation change based on mission phase and tempo?",What,,"What information should be presented to operators versus processed autonomously, and how should this allocation change based on mission phase and tempo?",False
GAP-HMT,HMT-Q03,2025,Gap Analysis,Gap Analysis (Draft),Gap Questions: Human-Machine Teaming,Claude Code (Draft),Human-machine teaming; automation; operator workload,Human-machine team operations scenario,Literature gap analysis,Draft questions,"Which interface designs and decision aids most effectively support rapid operator comprehension and appropriate trust calibration in human-machine teams?",Primary,Operator cognitive factors,"Interface; Trust; Decision; Operator; Design; Measure",Comprehension speed; trust calibration,Comprehension time; trust accuracy,Gap analysis,N/A,Draft,Unclassified,Interface design selection,Conceptual,,Gap Analysis (2025). Draft questions for human-machine teaming coverage gaps.,[],False,"Which interface designs and decision aids most effectively support rapid operator comprehension and appropriate trust calibration in human-machine teams?",False,"Which interface designs and decision aids most effectively support rapid operator comprehension and appropriate trust calibration in human-machine teams?",Which,,"Which interface designs and decision aids most effectively support rapid operator comprehension and appropriate trust calibration in human-machine teams?",False
GAP-HMT,HMT-Q04,2025,Gap Analysis,Gap Analysis (Draft),Gap Questions: Human-Machine Teaming,Claude Code (Draft),Human-machine teaming; automation; operator workload,Human-machine team operations scenario,Literature gap analysis,Draft questions,"How should systems communicate their confidence, limitations, and reasoning to human teammates to enable effective oversight and intervention?",Primary,Human-machine teaming,"Transparency; Communication; Confidence; Oversight; Trust; Interface",Oversight effectiveness; intervention appropriateness,Explanation clarity score; intervention timing accuracy,Gap analysis,N/A,Draft,Unclassified,Transparency design,Conceptual,,Gap Analysis (2025). Draft questions for human-machine teaming coverage gaps.,[],False,"How should systems communicate their confidence, limitations, and reasoning to human teammates to enable effective oversight and intervention?",False,"How should systems communicate their confidence, limitations, and reasoning to human teammates to enable effective oversight and intervention?",How,,"How should systems communicate their confidence, limitations, and reasoning to human teammates to enable effective oversight and intervention?",False
GAP-HMT,HMT-Q05,2025,Gap Analysis,Gap Analysis (Draft),Gap Questions: Human-Machine Teaming,Claude Code (Draft),Human-machine teaming; automation; operator workload,Human-machine team operations scenario,Literature gap analysis,Draft questions,"What training and rehearsal approaches best prepare operators to work effectively with autonomous teammates across both nominal and off-nominal conditions?",Primary,Operator cognitive factors,"Training; Operator; Autonomy; Performance; Scenario; Readiness",Training effectiveness; off-nominal readiness,Skill acquisition rate; off-nominal performance,Gap analysis,N/A,Draft,Unclassified,Training program design,Conceptual,,Gap Analysis (2025). Draft questions for human-machine teaming coverage gaps.,[],False,"What training and rehearsal approaches best prepare operators to work effectively with autonomous teammates across both nominal and off-nominal conditions?",False,"What training and rehearsal approaches best prepare operators to work effectively with autonomous teammates across both nominal and off-nominal conditions?",What,,"What training and rehearsal approaches best prepare operators to work effectively with autonomous teammates across both nominal and off-nominal conditions?",False
GAP-FAILURE,FAILURE-Q01,2025,Gap Analysis,Gap Analysis (Draft),Gap Questions: Failure Modes & Graceful Degradation,Claude Code (Draft),Failure analysis; graceful degradation; system resilience,System failure scenario analysis,Literature gap analysis,Draft questions,"What single points of failure exist in the mission architecture, and which have no operational workaround if they occur during critical mission phases?",Primary,Failure mode analysis,"Failure; Architecture; Risk; Mission; Vulnerability; Criticality",SPOF identification completeness; workaround coverage,SPOF count; workaround availability rate,Gap analysis,N/A,Draft,Unclassified,Failure mode identification,Conceptual,,Gap Analysis (2025). Draft questions for failure mode coverage gaps.,[],False,"What single points of failure exist in the mission architecture, and which have no operational workaround if they occur during critical mission phases?",False,"What single points of failure exist in the mission architecture, and which have no operational workaround if they occur during critical mission phases?",What,,"What single points of failure exist in the mission architecture, and which have no operational workaround if they occur during critical mission phases?",False
GAP-FAILURE,FAILURE-Q02,2025,Gap Analysis,Gap Analysis (Draft),Gap Questions: Failure Modes & Graceful Degradation,Claude Code (Draft),Failure analysis; graceful degradation; system resilience,System failure scenario analysis,Literature gap analysis,Draft questions,"How does mission effectiveness degrade as individual systems fail, and what is the minimum viable system configuration to achieve essential mission objectives?",Primary,Failure mode analysis,"Degradation; Performance; Mission; Configuration; Threshold; Measure",Degradation curve accuracy; MVP identification,Effectiveness vs failure count; MVP coverage,Gap analysis,N/A,Draft,Unclassified,Degradation analysis,Conceptual,,Gap Analysis (2025). Draft questions for failure mode coverage gaps.,[],False,"How does mission effectiveness degrade as individual systems fail, and what is the minimum viable system configuration to achieve essential mission objectives?",False,"How does mission effectiveness degrade as individual systems fail, and what is the minimum viable system configuration to achieve essential mission objectives?",How,,"How does mission effectiveness degrade as individual systems fail, and what is the minimum viable system configuration to achieve essential mission objectives?",False
GAP-FAILURE,FAILURE-Q03,2025,Gap Analysis,Gap Analysis (Draft),Gap Questions: Failure Modes & Graceful Degradation,Claude Code (Draft),Failure analysis; graceful degradation; system resilience,System failure scenario analysis,Literature gap analysis,Draft questions,"Which failure combinations create cascading effects that exceed the sum of individual failures, and how can architecture be designed to contain such cascades?",Primary,Graceful degradation & recovery,"Cascade; Failure; Architecture; Containment; Risk; Design",Cascade containment; non-linear effect identification,Cascade propagation rate; containment effectiveness,Gap analysis,N/A,Draft,Unclassified,Cascade prevention design,Conceptual,,Gap Analysis (2025). Draft questions for failure mode coverage gaps.,[],False,"Which failure combinations create cascading effects that exceed the sum of individual failures, and how can architecture be designed to contain such cascades?",False,"Which failure combinations create cascading effects that exceed the sum of individual failures, and how can architecture be designed to contain such cascades?",Which,,"Which failure combinations create cascading effects that exceed the sum of individual failures, and how can architecture be designed to contain such cascades?",False
GAP-FAILURE,FAILURE-Q04,2025,Gap Analysis,Gap Analysis (Draft),Gap Questions: Failure Modes & Graceful Degradation,Claude Code (Draft),Failure analysis; graceful degradation; system resilience,System failure scenario analysis,Literature gap analysis,Draft questions,"What automated and manual recovery procedures should be available for each failure mode, and how should operators be alerted and guided through recovery?",Primary,Graceful degradation & recovery,"Recovery; Procedure; Operator; Alert; Guidance; Failure",Recovery success rate; operator guidance effectiveness,Recovery time; procedure compliance rate,Gap analysis,N/A,Draft,Unclassified,Recovery procedure design,Conceptual,,Gap Analysis (2025). Draft questions for failure mode coverage gaps.,[],False,"What automated and manual recovery procedures should be available for each failure mode, and how should operators be alerted and guided through recovery?",False,"What automated and manual recovery procedures should be available for each failure mode, and how should operators be alerted and guided through recovery?",What,,"What automated and manual recovery procedures should be available for each failure mode, and how should operators be alerted and guided through recovery?",False
GAP-FAILURE,FAILURE-Q05,2025,Gap Analysis,Gap Analysis (Draft),Gap Questions: Failure Modes & Graceful Degradation,Claude Code (Draft),Failure analysis; graceful degradation; system resilience,System failure scenario analysis,Literature gap analysis,Draft questions,"How should pre-mission planning account for potential system failures, and what contingency branches should be prepared for high-impact failure scenarios?",Primary,Failure mode analysis,"Planning; Contingency; Failure; Risk; Mission; Preparation",Contingency coverage; planning completeness,Contingency plan count; high-impact scenario coverage,Gap analysis,N/A,Draft,Unclassified,Contingency planning,Conceptual,,Gap Analysis (2025). Draft questions for failure mode coverage gaps.,[],False,"How should pre-mission planning account for potential system failures, and what contingency branches should be prepared for high-impact failure scenarios?",False,"How should pre-mission planning account for potential system failures, and what contingency branches should be prepared for high-impact failure scenarios?",How,,"How should pre-mission planning account for potential system failures, and what contingency branches should be prepared for high-impact failure scenarios?",False
GAP-TEMPORAL,TEMPORAL-Q01,2025,Gap Analysis,Gap Analysis (Draft),Gap Questions: Temporal & Phasing Decisions,Claude Code (Draft),Capability phasing; transition planning; schedule risk,Capability transition scenario,Literature gap analysis,Draft questions,"When should new capabilities be fielded relative to evolving threat timelines, and how should uncertainty in both schedules affect transition planning?",Primary,Capability phasing & sequencing,"Schedule; Threat; Uncertainty; Transition; Decision; Risk",Fielding timing accuracy; threat alignment,Schedule variance; threat coverage gap,Gap analysis,N/A,Draft,Unclassified,Fielding timing decision,Conceptual,,Gap Analysis (2025). Draft questions for temporal/phasing coverage gaps.,[],False,"When should new capabilities be fielded relative to evolving threat timelines, and how should uncertainty in both schedules affect transition planning?",False,"When should new capabilities be fielded relative to evolving threat timelines, and how should uncertainty in both schedules affect transition planning?",When,,"When should new capabilities be fielded relative to evolving threat timelines, and how should uncertainty in both schedules affect transition planning?",False
GAP-TEMPORAL,TEMPORAL-Q02,2025,Gap Analysis,Gap Analysis (Draft),Gap Questions: Temporal & Phasing Decisions,Claude Code (Draft),Capability phasing; transition planning; schedule risk,Capability transition scenario,Literature gap analysis,Draft questions,"What is the optimal sequencing of capability upgrades across a portfolio to maximize cumulative mission effectiveness while managing integration risk?",Primary,Capability phasing & sequencing,"Sequencing; Portfolio; Effectiveness; Integration; Risk; Optimization",Cumulative effectiveness; integration success,Sequencing optimality; integration defect rate,Gap analysis,N/A,Draft,Unclassified,Upgrade sequencing,Conceptual,,Gap Analysis (2025). Draft questions for temporal/phasing coverage gaps.,[],False,"What is the optimal sequencing of capability upgrades across a portfolio to maximize cumulative mission effectiveness while managing integration risk?",False,"What is the optimal sequencing of capability upgrades across a portfolio to maximize cumulative mission effectiveness while managing integration risk?",What,,"What is the optimal sequencing of capability upgrades across a portfolio to maximize cumulative mission effectiveness while managing integration risk?",False
GAP-TEMPORAL,TEMPORAL-Q03,2025,Gap Analysis,Gap Analysis (Draft),Gap Questions: Temporal & Phasing Decisions,Claude Code (Draft),Capability phasing; transition planning; schedule risk,Capability transition scenario,Literature gap analysis,Draft questions,"How should legacy and modernized systems be operated in parallel during transition periods, and what is the cost of maintaining dual capabilities?",Primary,Capability phasing & sequencing,"Transition; Legacy; Modernization; Cost; Operations; Tradeoff",Transition smoothness; dual-operation cost,Parallel operation duration; dual capability overhead,Gap analysis,N/A,Draft,Unclassified,Transition operations planning,Conceptual,,Gap Analysis (2025). Draft questions for temporal/phasing coverage gaps.,[],False,"How should legacy and modernized systems be operated in parallel during transition periods, and what is the cost of maintaining dual capabilities?",False,"How should legacy and modernized systems be operated in parallel during transition periods, and what is the cost of maintaining dual capabilities?",How,,"How should legacy and modernized systems be operated in parallel during transition periods, and what is the cost of maintaining dual capabilities?",False
GAP-TEMPORAL,TEMPORAL-Q04,2025,Gap Analysis,Gap Analysis (Draft),Gap Questions: Temporal & Phasing Decisions,Claude Code (Draft),Capability phasing; transition planning; schedule risk,Capability transition scenario,Literature gap analysis,Draft questions,"Which development schedule dependencies create the greatest risk to operational capability delivery, and where should schedule margin be allocated?",Primary,Schedule risk & dependencies,"Schedule; Dependency; Risk; Margin; Delivery; Capability",Schedule risk reduction; margin allocation effectiveness,Critical path risk score; margin utilization,Gap analysis,N/A,Draft,Unclassified,Schedule risk management,Conceptual,,Gap Analysis (2025). Draft questions for temporal/phasing coverage gaps.,[],False,"Which development schedule dependencies create the greatest risk to operational capability delivery, and where should schedule margin be allocated?",False,"Which development schedule dependencies create the greatest risk to operational capability delivery, and where should schedule margin be allocated?",Which,,"Which development schedule dependencies create the greatest risk to operational capability delivery, and where should schedule margin be allocated?",False
GAP-TEMPORAL,TEMPORAL-Q05,2025,Gap Analysis,Gap Analysis (Draft),Gap Questions: Temporal & Phasing Decisions,Claude Code (Draft),Capability phasing; transition planning; schedule risk,Capability transition scenario,Literature gap analysis,Draft questions,"What decision criteria should trigger acceleration, delay, or cancellation of planned capability increments based on changing operational needs or technical progress?",Primary,Capability phasing & sequencing,"Decision; Criteria; Schedule; Adaptation; Capability; Trigger",Decision timeliness; criteria clarity,Trigger accuracy; decision response time,Gap analysis,N/A,Draft,Unclassified,Increment decision governance,Conceptual,,Gap Analysis (2025). Draft questions for temporal/phasing coverage gaps.,[],False,"What decision criteria should trigger acceleration, delay, or cancellation of planned capability increments based on changing operational needs or technical progress?",False,"What decision criteria should trigger acceleration, delay, or cancellation of planned capability increments based on changing operational needs or technical progress?",What,,"What decision criteria should trigger acceleration, delay, or cancellation of planned capability increments based on changing operational needs or technical progress?",False
GAP-TRAINING,TRAINING-Q01,2025,Gap Analysis,Gap Analysis (Draft),Gap Questions: Training & Readiness,Claude Code (Draft),Training; operator readiness; simulation fidelity,Operator training and readiness scenario,Literature gap analysis,Draft questions,"What simulation fidelity and scenario coverage are required to adequately train operators for mission-critical tasks, and how should training effectiveness be measured?",Primary,Training & readiness,"Training; Simulation; Fidelity; Measure; Scenario; Effectiveness",Training adequacy; skill transfer,Simulation fidelity score; skill assessment pass rate,Gap analysis,N/A,Draft,Unclassified,Training program design,Conceptual,,Gap Analysis (2025). Draft questions for training coverage gaps.,[],False,"What simulation fidelity and scenario coverage are required to adequately train operators for mission-critical tasks, and how should training effectiveness be measured?",False,"What simulation fidelity and scenario coverage are required to adequately train operators for mission-critical tasks, and how should training effectiveness be measured?",What,,"What simulation fidelity and scenario coverage are required to adequately train operators for mission-critical tasks, and how should training effectiveness be measured?",False
GAP-TRAINING,TRAINING-Q02,2025,Gap Analysis,Gap Analysis (Draft),Gap Questions: Training & Readiness,Claude Code (Draft),Training; operator readiness; simulation fidelity,Operator training and readiness scenario,Literature gap analysis,Draft questions,"How quickly do operator skills decay without practice, and what sustainment training frequency is required to maintain mission readiness?",Primary,Training & readiness,"Training; Skill; Decay; Readiness; Frequency; Sustainment",Skill retention; readiness maintenance,Skill decay rate; training frequency requirement,Gap analysis,N/A,Draft,Unclassified,Sustainment training planning,Conceptual,,Gap Analysis (2025). Draft questions for training coverage gaps.,[],False,"How quickly do operator skills decay without practice, and what sustainment training frequency is required to maintain mission readiness?",False,"How quickly do operator skills decay without practice, and what sustainment training frequency is required to maintain mission readiness?",How,,"How quickly do operator skills decay without practice, and what sustainment training frequency is required to maintain mission readiness?",False
GAP-TRAINING,TRAINING-Q03,2025,Gap Analysis,Gap Analysis (Draft),Gap Questions: Training & Readiness,Claude Code (Draft),Training; operator readiness; simulation fidelity,Operator training and readiness scenario,Literature gap analysis,Draft questions,"Which mission tasks are most difficult to train effectively in simulation, and what live training resources are essential to maintain proficiency?",Primary,Training & readiness,"Training; Simulation; Live; Task; Proficiency; Resource",Training mode effectiveness; proficiency maintenance,Simulation limitation score; live training requirement,Gap analysis,N/A,Draft,Unclassified,Training resource allocation,Conceptual,,Gap Analysis (2025). Draft questions for training coverage gaps.,[],False,"Which mission tasks are most difficult to train effectively in simulation, and what live training resources are essential to maintain proficiency?",False,"Which mission tasks are most difficult to train effectively in simulation, and what live training resources are essential to maintain proficiency?",Which,,"Which mission tasks are most difficult to train effectively in simulation, and what live training resources are essential to maintain proficiency?",False
GAP-TRAINING,TRAINING-Q04,2025,Gap Analysis,Gap Analysis (Draft),Gap Questions: Training & Readiness,Claude Code (Draft),Training; operator readiness; simulation fidelity,Operator training and readiness scenario,Literature gap analysis,Draft questions,"What training pipeline capacity and throughput are required to sustain the qualified operator population given attrition and force structure plans?",Primary,Training & readiness,"Training; Capacity; Pipeline; Attrition; Workforce; Planning",Pipeline adequacy; workforce sustainment,Training throughput; qualification rate,Gap analysis,N/A,Draft,Unclassified,Training capacity planning,Conceptual,,Gap Analysis (2025). Draft questions for training coverage gaps.,[],False,"What training pipeline capacity and throughput are required to sustain the qualified operator population given attrition and force structure plans?",False,"What training pipeline capacity and throughput are required to sustain the qualified operator population given attrition and force structure plans?",What,,"What training pipeline capacity and throughput are required to sustain the qualified operator population given attrition and force structure plans?",False
GAP-STAKEHOLDER,STAKEHOLDER-Q01,2025,Gap Analysis,Gap Analysis (Draft),Gap Questions: Stakeholder & User Engagement,Claude Code (Draft),Stakeholder engagement; user feedback; requirements,Stakeholder coordination scenario,Literature gap analysis,Draft questions,"How should operational user feedback be systematically captured, prioritized, and incorporated into system evolution and capability development decisions?",Primary,Stakeholder engagement,"Stakeholder; Feedback; Requirements; Process; Priority; Evolution",Feedback incorporation rate; user satisfaction,Feedback capture completeness; incorporation latency,Gap analysis,N/A,Draft,Unclassified,Feedback process design,Conceptual,,Gap Analysis (2025). Draft questions for stakeholder engagement coverage gaps.,[],False,"How should operational user feedback be systematically captured, prioritized, and incorporated into system evolution and capability development decisions?",False,"How should operational user feedback be systematically captured, prioritized, and incorporated into system evolution and capability development decisions?",How,,"How should operational user feedback be systematically captured, prioritized, and incorporated into system evolution and capability development decisions?",False
GAP-STAKEHOLDER,STAKEHOLDER-Q02,2025,Gap Analysis,Gap Analysis (Draft),Gap Questions: Stakeholder & User Engagement,Claude Code (Draft),Stakeholder engagement; user feedback; requirements,Stakeholder coordination scenario,Literature gap analysis,Draft questions,"What mechanisms ensure that mission engineering analyses address the actual decision needs of operational commanders and acquisition decision-makers?",Primary,Stakeholder engagement,"Stakeholder; Decision; Analysis; Alignment; Requirements; Value",Analysis relevance; decision support effectiveness,Decision-maker satisfaction; analysis utilization rate,Gap analysis,N/A,Draft,Unclassified,Analysis alignment,Conceptual,,Gap Analysis (2025). Draft questions for stakeholder engagement coverage gaps.,[],False,"What mechanisms ensure that mission engineering analyses address the actual decision needs of operational commanders and acquisition decision-makers?",False,"What mechanisms ensure that mission engineering analyses address the actual decision needs of operational commanders and acquisition decision-makers?",What,,"What mechanisms ensure that mission engineering analyses address the actual decision needs of operational commanders and acquisition decision-makers?",False
GAP-STAKEHOLDER,STAKEHOLDER-Q03,2025,Gap Analysis,Gap Analysis (Draft),Gap Questions: Stakeholder & User Engagement,Claude Code (Draft),Stakeholder engagement; user feedback; requirements,Stakeholder coordination scenario,Literature gap analysis,Draft questions,"Which stakeholder conflicts (e.g., near-term readiness vs. long-term modernization) most frequently impede mission engineering decisions, and how should they be resolved?",Primary,Stakeholder engagement,"Stakeholder; Conflict; Decision; Resolution; Tradeoff; Governance",Conflict resolution effectiveness; decision velocity,Conflict frequency; resolution time,Gap analysis,N/A,Draft,Unclassified,Conflict resolution governance,Conceptual,,Gap Analysis (2025). Draft questions for stakeholder engagement coverage gaps.,[],False,"Which stakeholder conflicts (e.g., near-term readiness vs. long-term modernization) most frequently impede mission engineering decisions, and how should they be resolved?",False,"Which stakeholder conflicts (e.g., near-term readiness vs. long-term modernization) most frequently impede mission engineering decisions, and how should they be resolved?",Which,,"Which stakeholder conflicts (e.g., near-term readiness vs. long-term modernization) most frequently impede mission engineering decisions, and how should they be resolved?",False
